employee_id,payroll_month,total_working_days,present_days,leave_days,overtime_hours,bonus_amount
101,2026-06,26,24,2,10,5000
102,2026-06,26,25,1,4,3000
103,2026-06,26,23,3,8,4000
104,2026-06,26,26,0,12,7000
105,2026-06,26,22,4,5,2000
106,2026-06,26,24,2,6,3500
107,2026-06,26,25,1,9,4500
108,2026-06,26,23,3,7,2800
109,2026-06,26,26,0,10,6000
110,2026-06,26,24,2,5,3200
111,2026-06,26,25,1,8,4000
112,2026-06,26,22,4,4,2500
113,2026-06,26,26,0,11,6500
114,2026-06,26,24,2,6,3000
115,2026-06,26,23,3,7,3500
116,2026-06,26,25,1,9,5000
117,2026-06,26,24,2,5,2800
118,2026-06,26,26,0,10,5500
119,2026-06,26,22,4,3,2200
120,2026-06,26,25,1,8,4200
121,2026-06,26,24,2,6,3300
122,2026-06,26,23,3,7,3600
123,2026-06,26,26,0,12,7000
124,2026-06,26,25,1,9,4800
125,2026-06,26,25,1,10,6000
126,2026-06,26,25,1,12,7000